{
  "trained_at": "2026-06-26T14:28:55.151915+00:00",
  "input": "outputs\\rule_v3_trainable.csv.gz",
  "train_rows": 200928,
  "test_rows": 50232,
  "sample_rows": 251160,
  "max_per_class": 80000,
  "feature_power": 16,
  "n_features": 65536,
  "accuracy": 0.9525402134097787,
  "macro_f1": 0.9435755481126143,
  "weighted_f1": 0.9524949244033712,
  "label_distribution": {
    "1": 80000,
    "2": 19048,
    "3": 80000,
    "4": 64942,
    "5": 7170
  },
  "classification_report": {
    "1": {
      "precision": 0.9431728492501973,
      "recall": 0.9709375,
      "f1-score": 0.9568538080133042,
      "support": 16000.0
    },
    "2": {
      "precision": 0.9407144666835572,
      "recall": 0.9745406824146982,
      "f1-score": 0.9573288642516437,
      "support": 3810.0
    },
    "3": {
      "precision": 0.9520725388601037,
      "recall": 0.91875,
      "f1-score": 0.9351145038167938,
      "support": 16000.0
    },
    "4": {
      "precision": 0.9786025521319639,
      "recall": 0.9683554049892208,
      "f1-score": 0.9734520123839009,
      "support": 12988.0
    },
    "5": {
      "precision": 0.8692509855453351,
      "recall": 0.9225941422594143,
      "f1-score": 0.8951285520974289,
      "support": 1434.0
    },
    "accuracy": 0.9525402134097787,
    "macro avg": {
      "precision": 0.9367626784942313,
      "recall": 0.9510355459326666,
      "f1-score": 0.9435755481126143,
      "support": 50232.0
    },
    "weighted avg": {
      "precision": 0.9528715597266906,
      "recall": 0.9525402134097787,
      "f1-score": 0.9524949244033712,
      "support": 50232.0
    }
  },
  "confusion_matrix": [
    [
      15535,
      112,
      298,
      18,
      37
    ],
    [
      24,
      3713,
      72,
      0,
      1
    ],
    [
      852,
      58,
      14700,
      256,
      134
    ],
    [
      24,
      51,
      309,
      12577,
      27
    ],
    [
      36,
      13,
      61,
      1,
      1323
    ]
  ]
}